trip_duration,start_time,stop_time,start_station_id,start_station_name,start_lat,start_lon,end_station_id,end_station_name,end_lat,end_lon,bike_id,user_type,birth_year,gender,od_pair
1459,1/13/2015 20:10,1/13/2015 20:35,161,LaGuardia Pl & W 3 St,40.72917025,-73.99810231,532,S 5 Pl & S 4 St,40.710451,-73.960876,18896,Subscriber,1996.0,1,"('161', '532')"
1596,1/21/2015 18:51,1/21/2015 19:17,161,LaGuardia Pl & W 3 St,40.72917025,-73.99810231,532,S 5 Pl & S 4 St,40.710451,-73.960876,20348,Subscriber,1996.0,1,"('161', '532')"
1237,1/5/2015 16:11,1/5/2015 16:32,2000,Front St & Washington St,40.70255088,-73.98940236,2002,Wythe Ave & Metropolitan Ave,40.716887,-73.963198,17265,Subscriber,1980.0,2,"('2000', '2002')"
1357,1/6/2015 16:28,1/6/2015 16:51,2000,Front St & Washington St,40.70255088,-73.98940236,2002,Wythe Ave & Metropolitan Ave,40.716887,-73.963198,18190,Subscriber,1980.0,2,"('2000', '2002')"
1214,1/12/2015 15:47,1/12/2015 16:07,2000,Front St & Washington St,40.70255088,-73.98940236,2002,Wythe Ave & Metropolitan Ave,40.716887,-73.963198,16761,Subscriber,1980.0,2,"('2000', '2002')"
1353,1/15/2015 15:57,1/15/2015 16:19,2000,Front St & Washington St,40.70255088,-73.98940236,2002,Wythe Ave & Metropolitan Ave,40.716887,-73.963198,19357,Subscriber,1980.0,2,"('2000', '2002')"
1385,1/16/2015 14:30,1/16/2015 14:53,2000,Front St & Washington St,40.70255088,-73.98940236,2002,Wythe Ave & Metropolitan Ave,40.716887,-73.963198,19721,Subscriber,1980.0,2,"('2000', '2002')"
1570,1/16/2015 21:24,1/16/2015 21:50,2000,Front St & Washington St,40.70255088,-73.98940236,2002,Wythe Ave & Metropolitan Ave,40.716887,-73.963198,15587,Subscriber,1989.0,1,"('2000', '2002')"
1384,1/21/2015 15:50,1/21/2015 16:13,2000,Front St & Washington St,40.70255088,-73.98940236,2002,Wythe Ave & Metropolitan Ave,40.716887,-73.963198,17826,Subscriber,1980.0,2,"('2000', '2002')"
1186,1/22/2015 16:14,1/22/2015 16:34,2000,Front St & Washington St,40.70255088,-73.98940236,2002,Wythe Ave & Metropolitan Ave,40.716887,-73.963198,20576,Subscriber,1980.0,2,"('2000', '2002')"
1224,1/29/2015 15:34,1/29/2015 15:55,2000,Front St & Washington St,40.70255088,-73.98940236,2002,Wythe Ave & Metropolitan Ave,40.716887,-73.963198,20908,Subscriber,1980.0,2,"('2000', '2002')"
1374,1/6/2015 7:32,1/6/2015 7:55,2002,Wythe Ave & Metropolitan Ave,40.716887,-73.963198,2000,Front St & Washington St,40.70255088,-73.98940236,18764,Subscriber,1980.0,2,"('2002', '2000')"
1308,1/7/2015 7:16,1/7/2015 7:38,2002,Wythe Ave & Metropolitan Ave,40.716887,-73.963198,2000,Front St & Washington St,40.70255088,-73.98940236,17265,Subscriber,1980.0,2,"('2002', '2000')"
1458,1/12/2015 7:17,1/12/2015 7:41,2002,Wythe Ave & Metropolitan Ave,40.716887,-73.963198,2000,Front St & Washington St,40.70255088,-73.98940236,20092,Subscriber,1980.0,2,"('2002', '2000')"
1296,1/15/2015 7:43,1/15/2015 8:04,2002,Wythe Ave & Metropolitan Ave,40.716887,-73.963198,2000,Front St & Washington St,40.70255088,-73.98940236,17148,Subscriber,1980.0,2,"('2002', '2000')"
1045,1/15/2015 21:38,1/15/2015 21:55,2002,Wythe Ave & Metropolitan Ave,40.716887,-73.963198,2000,Front St & Washington St,40.70255088,-73.98940236,18029,Subscriber,1986.0,1,"('2002', '2000')"
1335,1/16/2015 7:30,1/16/2015 7:52,2002,Wythe Ave & Metropolitan Ave,40.716887,-73.963198,2000,Front St & Washington St,40.70255088,-73.98940236,20258,Subscriber,1980.0,2,"('2002', '2000')"
1286,1/20/2015 7:43,1/20/2015 8:05,2002,Wythe Ave & Metropolitan Ave,40.716887,-73.963198,2000,Front St & Washington St,40.70255088,-73.98940236,20139,Subscriber,1980.0,2,"('2002', '2000')"
1146,1/22/2015 7:33,1/22/2015 7:53,2002,Wythe Ave & Metropolitan Ave,40.716887,-73.963198,2000,Front St & Washington St,40.70255088,-73.98940236,19376,Subscriber,1980.0,2,"('2002', '2000')"
1199,1/26/2015 7:23,1/26/2015 7:43,2002,Wythe Ave & Metropolitan Ave,40.716887,-73.963198,2000,Front St & Washington St,40.70255088,-73.98940236,17086,Subscriber,1980.0,2,"('2002', '2000')"
1253,1/30/2015 7:09,1/30/2015 7:29,2002,Wythe Ave & Metropolitan Ave,40.716887,-73.963198,2000,Front St & Washington St,40.70255088,-73.98940236,17567,Subscriber,1980.0,2,"('2002', '2000')"
1291,1/20/2015 9:21,1/20/2015 9:42,2002,Wythe Ave & Metropolitan Ave,40.716887,-73.963198,268,Howard St & Centre St,40.71910537,-73.99973337,20888,Subscriber,1982.0,1,"('2002', '268')"
1401,1/22/2015 9:38,1/22/2015 10:02,2002,Wythe Ave & Metropolitan Ave,40.716887,-73.963198,268,Howard St & Centre St,40.71910537,-73.99973337,18902,Subscriber,1982.0,1,"('2002', '268')"
1219,1/23/2015 9:35,1/23/2015 9:56,2002,Wythe Ave & Metropolitan Ave,40.716887,-73.963198,268,Howard St & Centre St,40.71910537,-73.99973337,20660,Subscriber,1982.0,1,"('2002', '268')"
1733,1/18/2015 2:28,1/18/2015 2:57,2002,Wythe Ave & Metropolitan Ave,40.716887,-73.963198,312,Allen St & E Houston St,40.722055,-73.989111,19233,Subscriber,1990.0,1,"('2002', '312')"
1808,1/22/2015 21:07,1/22/2015 21:37,2002,Wythe Ave & Metropolitan Ave,40.716887,-73.963198,312,Allen St & E Houston St,40.722055,-73.989111,19531,Subscriber,1953.0,1,"('2002', '312')"
1409,1/16/2015 14:10,1/16/2015 14:33,2002,Wythe Ave & Metropolitan Ave,40.716887,-73.963198,410,Suffolk St & Stanton St,40.72066442,-73.98517977,21347,Subscriber,1972.0,1,"('2002', '410')"
927,1/19/2015 16:18,1/19/2015 16:33,2002,Wythe Ave & Metropolitan Ave,40.716887,-73.963198,410,Suffolk St & Stanton St,40.72066442,-73.98517977,15859,Subscriber,1983.0,1,"('2002', '410')"
1033,1/23/2015 19:31,1/23/2015 19:48,2002,Wythe Ave & Metropolitan Ave,40.716887,-73.963198,410,Suffolk St & Stanton St,40.72066442,-73.98517977,16560,Subscriber,1979.0,2,"('2002', '410')"
1189,1/25/2015 12:30,1/25/2015 12:50,2002,Wythe Ave & Metropolitan Ave,40.716887,-73.963198,410,Suffolk St & Stanton St,40.72066442,-73.98517977,15359,Subscriber,1986.0,1,"('2002', '410')"
1155,1/25/2015 12:31,1/25/2015 12:50,2002,Wythe Ave & Metropolitan Ave,40.716887,-73.963198,410,Suffolk St & Stanton St,40.72066442,-73.98517977,20261,Customer,,0,"('2002', '410')"
1533,1/14/2015 7:22,1/14/2015 7:47,2002,Wythe Ave & Metropolitan Ave,40.716887,-73.963198,545,E 23 St & 1 Ave,40.736502,-73.97809472,16299,Subscriber,1979.0,1,"('2002', '545')"
1625,1/15/2015 7:00,1/15/2015 7:28,2002,Wythe Ave & Metropolitan Ave,40.716887,-73.963198,545,E 23 St & 1 Ave,40.736502,-73.97809472,20889,Subscriber,1979.0,1,"('2002', '545')"
1528,1/16/2015 7:19,1/16/2015 7:44,2002,Wythe Ave & Metropolitan Ave,40.716887,-73.963198,545,E 23 St & 1 Ave,40.736502,-73.97809472,17496,Subscriber,1979.0,1,"('2002', '545')"
1567,1/20/2015 7:06,1/20/2015 7:33,2002,Wythe Ave & Metropolitan Ave,40.716887,-73.963198,545,E 23 St & 1 Ave,40.736502,-73.97809472,17260,Subscriber,1979.0,1,"('2002', '545')"
1583,1/21/2015 7:43,1/21/2015 8:10,2002,Wythe Ave & Metropolitan Ave,40.716887,-73.963198,545,E 23 St & 1 Ave,40.736502,-73.97809472,15032,Subscriber,1979.0,1,"('2002', '545')"
1567,1/22/2015 7:11,1/22/2015 7:37,2002,Wythe Ave & Metropolitan Ave,40.716887,-73.963198,545,E 23 St & 1 Ave,40.736502,-73.97809472,19922,Subscriber,1979.0,1,"('2002', '545')"
1513,1/23/2015 7:08,1/23/2015 7:34,2002,Wythe Ave & Metropolitan Ave,40.716887,-73.963198,545,E 23 St & 1 Ave,40.736502,-73.97809472,19491,Subscriber,1979.0,1,"('2002', '545')"
1637,1/26/2015 7:22,1/26/2015 7:49,2002,Wythe Ave & Metropolitan Ave,40.716887,-73.963198,545,E 23 St & 1 Ave,40.736502,-73.97809472,15244,Subscriber,1979.0,1,"('2002', '545')"
3102,1/27/2015 7:09,1/27/2015 8:01,2002,Wythe Ave & Metropolitan Ave,40.716887,-73.963198,545,E 23 St & 1 Ave,40.736502,-73.97809472,21652,Subscriber,1979.0,1,"('2002', '545')"
1208,1/1/2015 13:35,1/1/2015 13:55,236,St Marks Pl & 2 Ave,40.7284186,-73.98713956,532,S 5 Pl & S 4 St,40.710451,-73.960876,18943,Subscriber,1985.0,2,"('236', '532')"
1402,1/2/2015 16:19,1/2/2015 16:43,236,St Marks Pl & 2 Ave,40.7284186,-73.98713956,532,S 5 Pl & S 4 St,40.710451,-73.960876,18283,Subscriber,1962.0,1,"('236', '532')"
956,1/4/2015 22:01,1/4/2015 22:17,236,St Marks Pl & 2 Ave,40.7284186,-73.98713956,532,S 5 Pl & S 4 St,40.710451,-73.960876,20852,Subscriber,1977.0,1,"('236', '532')"
1123,1/7/2015 12:20,1/7/2015 12:39,236,St Marks Pl & 2 Ave,40.7284186,-73.98713956,532,S 5 Pl & S 4 St,40.710451,-73.960876,18199,Subscriber,1969.0,1,"('236', '532')"
1323,1/25/2015 13:56,1/25/2015 14:18,236,St Marks Pl & 2 Ave,40.7284186,-73.98713956,532,S 5 Pl & S 4 St,40.710451,-73.960876,15807,Subscriber,1983.0,2,"('236', '532')"
1498,1/25/2015 16:03,1/25/2015 16:28,236,St Marks Pl & 2 Ave,40.7284186,-73.98713956,532,S 5 Pl & S 4 St,40.710451,-73.960876,19339,Customer,,0,"('236', '532')"
1459,1/16/2015 13:38,1/16/2015 14:02,251,Mott St & Prince St,40.72317958,-73.99480012,2002,Wythe Ave & Metropolitan Ave,40.716887,-73.963198,18840,Subscriber,1982.0,1,"('251', '2002')"
1209,1/28/2015 18:27,1/28/2015 18:48,251,Mott St & Prince St,40.72317958,-73.99480012,2002,Wythe Ave & Metropolitan Ave,40.716887,-73.963198,19909,Subscriber,1983.0,1,"('251', '2002')"
986,1/8/2015 21:39,1/8/2015 21:56,251,Mott St & Prince St,40.72317958,-73.99480012,389,Broadway & Berry St,40.71044554,-73.96525063,19341,Subscriber,1962.0,1,"('251', '389')"
1014,1/23/2015 18:04,1/23/2015 18:21,251,Mott St & Prince St,40.72317958,-73.99480012,389,Broadway & Berry St,40.71044554,-73.96525063,18176,Subscriber,1986.0,1,"('251', '389')"
1286,1/14/2015 19:34,1/14/2015 19:55,251,Mott St & Prince St,40.72317958,-73.99480012,460,S 4 St & Wythe Ave,40.71285887,-73.96590294,21041,Subscriber,1982.0,1,"('251', '460')"
1533,1/6/2015 20:50,1/6/2015 21:16,251,Mott St & Prince St,40.72317958,-73.99480012,532,S 5 Pl & S 4 St,40.710451,-73.960876,16427,Subscriber,1977.0,1,"('251', '532')"
1847,1/8/2015 20:14,1/8/2015 20:45,251,Mott St & Prince St,40.72317958,-73.99480012,532,S 5 Pl & S 4 St,40.710451,-73.960876,17963,Subscriber,1977.0,1,"('251', '532')"
1504,1/14/2015 21:52,1/14/2015 22:17,251,Mott St & Prince St,40.72317958,-73.99480012,532,S 5 Pl & S 4 St,40.710451,-73.960876,19138,Subscriber,1977.0,1,"('251', '532')"
802,1/16/2015 11:18,1/16/2015 11:31,251,Mott St & Prince St,40.72317958,-73.99480012,532,S 5 Pl & S 4 St,40.710451,-73.960876,14856,Subscriber,1984.0,1,"('251', '532')"
875,1/17/2015 18:39,1/17/2015 18:53,251,Mott St & Prince St,40.72317958,-73.99480012,532,S 5 Pl & S 4 St,40.710451,-73.960876,19785,Subscriber,1984.0,1,"('251', '532')"
1755,1/20/2015 20:53,1/20/2015 21:22,251,Mott St & Prince St,40.72317958,-73.99480012,532,S 5 Pl & S 4 St,40.710451,-73.960876,18318,Subscriber,1977.0,1,"('251', '532')"
831,1/24/2015 11:20,1/24/2015 11:34,251,Mott St & Prince St,40.72317958,-73.99480012,532,S 5 Pl & S 4 St,40.710451,-73.960876,18249,Subscriber,1984.0,1,"('251', '532')"
4509,1/26/2015 18:39,1/26/2015 19:54,251,Mott St & Prince St,40.72317958,-73.99480012,532,S 5 Pl & S 4 St,40.710451,-73.960876,16934,Subscriber,1985.0,1,"('251', '532')"
1008,1/27/2015 6:42,1/27/2015 6:59,251,Mott St & Prince St,40.72317958,-73.99480012,532,S 5 Pl & S 4 St,40.710451,-73.960876,17956,Subscriber,1965.0,1,"('251', '532')"
1416,1/28/2015 19:38,1/28/2015 20:02,251,Mott St & Prince St,40.72317958,-73.99480012,532,S 5 Pl & S 4 St,40.710451,-73.960876,14905,Subscriber,1977.0,1,"('251', '532')"
1093,1/2/2015 12:05,1/2/2015 12:23,265,Stanton St & Chrystie St,40.72229346,-73.99147535,2002,Wythe Ave & Metropolitan Ave,40.716887,-73.963198,20511,Subscriber,1969.0,1,"('265', '2002')"
1116,1/29/2015 8:42,1/29/2015 9:01,265,Stanton St & Chrystie St,40.72229346,-73.99147535,2002,Wythe Ave & Metropolitan Ave,40.716887,-73.963198,16459,Subscriber,1969.0,1,"('265', '2002')"
904,1/1/2015 20:21,1/1/2015 20:36,265,Stanton St & Chrystie St,40.72229346,-73.99147535,532,S 5 Pl & S 4 St,40.710451,-73.960876,18212,Customer,,0,"('265', '532')"
684,1/20/2015 19:47,1/20/2015 19:58,265,Stanton St & Chrystie St,40.72229346,-73.99147535,532,S 5 Pl & S 4 St,40.710451,-73.960876,20305,Subscriber,1984.0,1,"('265', '532')"
758,1/29/2015 19:11,1/29/2015 19:24,265,Stanton St & Chrystie St,40.72229346,-73.99147535,532,S 5 Pl & S 4 St,40.710451,-73.960876,17365,Subscriber,1983.0,1,"('265', '532')"
998,1/9/2015 17:53,1/9/2015 18:09,268,Howard St & Centre St,40.71910537,-73.99973337,2002,Wythe Ave & Metropolitan Ave,40.716887,-73.963198,15130,Subscriber,1985.0,1,"('268', '2002')"
1275,1/22/2015 16:42,1/22/2015 17:03,268,Howard St & Centre St,40.71910537,-73.99973337,2002,Wythe Ave & Metropolitan Ave,40.716887,-73.963198,19469,Subscriber,1985.0,1,"('268', '2002')"
1184,1/22/2015 20:52,1/22/2015 21:11,268,Howard St & Centre St,40.71910537,-73.99973337,2002,Wythe Ave & Metropolitan Ave,40.716887,-73.963198,17760,Subscriber,1982.0,1,"('268', '2002')"
1308,1/23/2015 18:27,1/23/2015 18:49,268,Howard St & Centre St,40.71910537,-73.99973337,2002,Wythe Ave & Metropolitan Ave,40.716887,-73.963198,16809,Subscriber,1982.0,1,"('268', '2002')"
1628,1/15/2015 16:11,1/15/2015 16:38,285,Broadway & E 14 St,40.73454567,-73.99074142,2002,Wythe Ave & Metropolitan Ave,40.716887,-73.963198,21347,Subscriber,1953.0,1,"('285', '2002')"
1361,1/18/2015 20:56,1/18/2015 21:19,285,Broadway & E 14 St,40.73454567,-73.99074142,2002,Wythe Ave & Metropolitan Ave,40.716887,-73.963198,15405,Subscriber,1985.0,1,"('285', '2002')"
761,1/31/2015 19:55,1/31/2015 20:08,295,Pike St & E Broadway,40.71406667,-73.99293911,532,S 5 Pl & S 4 St,40.710451,-73.960876,20929,Subscriber,1984.0,1,"('295', '532')"
1222,1/25/2015 12:54,1/25/2015 13:14,301,E 2 St & Avenue B,40.72217444,-73.98368779,481,S 3 St & Bedford Ave,40.71260486,-73.96264403,15951,Subscriber,1988.0,2,"('301', '481')"
1793,1/17/2015 15:38,1/17/2015 16:08,301,E 2 St & Avenue B,40.72217444,-73.98368779,532,S 5 Pl & S 4 St,40.710451,-73.960876,15768,Customer,,0,"('301', '532')"
1788,1/17/2015 15:42,1/17/2015 16:12,301,E 2 St & Avenue B,40.72217444,-73.98368779,532,S 5 Pl & S 4 St,40.710451,-73.960876,19663,Customer,,0,"('301', '532')"
985,1/8/2015 18:31,1/8/2015 18:47,302,Avenue D & E 3 St,40.72082834,-73.97793172,532,S 5 Pl & S 4 St,40.710451,-73.960876,18498,Subscriber,1978.0,1,"('302', '532')"
646,1/2/2015 20:44,1/2/2015 20:55,311,Norfolk St & Broome St,40.7172274,-73.98802084,532,S 5 Pl & S 4 St,40.710451,-73.960876,18173,Subscriber,1974.0,1,"('311', '532')"
1075,1/4/2015 12:24,1/4/2015 12:42,311,Norfolk St & Broome St,40.7172274,-73.98802084,532,S 5 Pl & S 4 St,40.710451,-73.960876,19687,Customer,,0,"('311', '532')"
1011,1/5/2015 14:23,1/5/2015 14:40,311,Norfolk St & Broome St,40.7172274,-73.98802084,532,S 5 Pl & S 4 St,40.710451,-73.960876,17311,Customer,,0,"('311', '532')"
975,1/5/2015 14:23,1/5/2015 14:40,311,Norfolk St & Broome St,40.7172274,-73.98802084,532,S 5 Pl & S 4 St,40.710451,-73.960876,18943,Customer,,0,"('311', '532')"
603,1/7/2015 14:16,1/7/2015 14:26,311,Norfolk St & Broome St,40.7172274,-73.98802084,532,S 5 Pl & S 4 St,40.710451,-73.960876,15512,Subscriber,1979.0,1,"('311', '532')"
834,1/7/2015 19:18,1/7/2015 19:32,311,Norfolk St & Broome St,40.7172274,-73.98802084,532,S 5 Pl & S 4 St,40.710451,-73.960876,21496,Subscriber,1977.0,1,"('311', '532')"
866,1/10/2015 0:58,1/10/2015 1:12,311,Norfolk St & Broome St,40.7172274,-73.98802084,532,S 5 Pl & S 4 St,40.710451,-73.960876,16006,Subscriber,1981.0,1,"('311', '532')"
630,1/11/2015 20:42,1/11/2015 20:53,311,Norfolk St & Broome St,40.7172274,-73.98802084,532,S 5 Pl & S 4 St,40.710451,-73.960876,16696,Subscriber,1985.0,1,"('311', '532')"
847,1/16/2015 14:52,1/16/2015 15:06,311,Norfolk St & Broome St,40.7172274,-73.98802084,532,S 5 Pl & S 4 St,40.710451,-73.960876,15734,Subscriber,1969.0,2,"('311', '532')"
607,1/16/2015 17:53,1/16/2015 18:04,311,Norfolk St & Broome St,40.7172274,-73.98802084,532,S 5 Pl & S 4 St,40.710451,-73.960876,15810,Subscriber,1982.0,1,"('311', '532')"
655,1/18/2015 1:28,1/18/2015 1:39,311,Norfolk St & Broome St,40.7172274,-73.98802084,532,S 5 Pl & S 4 St,40.710451,-73.960876,21446,Subscriber,1986.0,1,"('311', '532')"
628,1/21/2015 15:01,1/21/2015 15:12,311,Norfolk St & Broome St,40.7172274,-73.98802084,532,S 5 Pl & S 4 St,40.710451,-73.960876,16574,Subscriber,1979.0,1,"('311', '532')"
852,1/31/2015 14:02,1/31/2015 14:16,311,Norfolk St & Broome St,40.7172274,-73.98802084,532,S 5 Pl & S 4 St,40.710451,-73.960876,17107,Subscriber,1988.0,2,"('311', '532')"
794,1/31/2015 14:02,1/31/2015 14:15,311,Norfolk St & Broome St,40.7172274,-73.98802084,532,S 5 Pl & S 4 St,40.710451,-73.960876,16105,Customer,,0,"('311', '532')"
1501,1/5/2015 0:10,1/5/2015 0:35,326,E 11 St & 1 Ave,40.72953837,-73.98426726,2002,Wythe Ave & Metropolitan Ave,40.716887,-73.963198,14910,Subscriber,1980.0,1,"('326', '2002')"
1730,1/2/2015 17:22,1/2/2015 17:51,327,Vesey Pl & River Terrace,40.7153379,-74.01658354,481,S 3 St & Bedford Ave,40.71260486,-73.96264403,20780,Subscriber,1974.0,2,"('327', '481')"
1299,1/2/2015 17:40,1/2/2015 18:01,327,Vesey Pl & River Terrace,40.7153379,-74.01658354,481,S 3 St & Bedford Ave,40.71260486,-73.96264403,18276,Subscriber,1986.0,1,"('327', '481')"
1308,1/5/2015 18:09,1/5/2015 18:31,327,Vesey Pl & River Terrace,40.7153379,-74.01658354,481,S 3 St & Bedford Ave,40.71260486,-73.96264403,18802,Subscriber,1986.0,1,"('327', '481')"
1421,1/7/2015 18:00,1/7/2015 18:24,327,Vesey Pl & River Terrace,40.7153379,-74.01658354,481,S 3 St & Bedford Ave,40.71260486,-73.96264403,19358,Subscriber,1986.0,1,"('327', '481')"
1442,1/8/2015 18:07,1/8/2015 18:31,327,Vesey Pl & River Terrace,40.7153379,-74.01658354,481,S 3 St & Bedford Ave,40.71260486,-73.96264403,18147,Subscriber,1986.0,1,"('327', '481')"
1417,1/16/2015 18:14,1/16/2015 18:37,327,Vesey Pl & River Terrace,40.7153379,-74.01658354,481,S 3 St & Bedford Ave,40.71260486,-73.96264403,21005,Subscriber,1986.0,1,"('327', '481')"
1245,1/20/2015 18:43,1/20/2015 19:04,327,Vesey Pl & River Terrace,40.7153379,-74.01658354,481,S 3 St & Bedford Ave,40.71260486,-73.96264403,16016,Subscriber,1986.0,1,"('327', '481')"
708,1/23/2015 17:01,1/23/2015 17:13,349,Rivington St & Ridge St,40.71850211,-73.98329859,532,S 5 Pl & S 4 St,40.710451,-73.960876,20193,Subscriber,1978.0,1,"('349', '532')"
1440,1/19/2015 17:12,1/19/2015 17:36,350,Clinton St & Grand St,40.71559509,-73.9870295,2002,Wythe Ave & Metropolitan Ave,40.716887,-73.963198,14919,Customer,,0,"('350', '2002')"
1405,1/19/2015 17:13,1/19/2015 17:36,350,Clinton St & Grand St,40.71559509,-73.9870295,2002,Wythe Ave & Metropolitan Ave,40.716887,-73.963198,18638,Subscriber,1977.0,1,"('350', '2002')"
607,1/16/2015 18:24,1/16/2015 18:34,350,Clinton St & Grand St,40.71559509,-73.9870295,532,S 5 Pl & S 4 St,40.710451,-73.960876,14708,Subscriber,1979.0,1,"('350', '532')"
984,1/20/2015 21:14,1/20/2015 21:31,350,Clinton St & Grand St,40.71559509,-73.9870295,532,S 5 Pl & S 4 St,40.710451,-73.960876,16392,Customer,,0,"('350', '532')"
706,1/23/2015 21:03,1/23/2015 21:15,350,Clinton St & Grand St,40.71559509,-73.9870295,532,S 5 Pl & S 4 St,40.710451,-73.960876,20748,Subscriber,1973.0,1,"('350', '532')"
1020,1/9/2015 7:38,1/9/2015 7:55,356,Bialystoker Pl & Delancey St,40.71622644,-73.98261206,532,S 5 Pl & S 4 St,40.710451,-73.960876,17304,Subscriber,1969.0,2,"('356', '532')"
876,1/15/2015 21:56,1/15/2015 22:11,356,Bialystoker Pl & Delancey St,40.71622644,-73.98261206,532,S 5 Pl & S 4 St,40.710451,-73.960876,16270,Subscriber,1969.0,2,"('356', '532')"
753,1/17/2015 12:58,1/17/2015 13:10,356,Bialystoker Pl & Delancey St,40.71622644,-73.98261206,532,S 5 Pl & S 4 St,40.710451,-73.960876,14736,Subscriber,1976.0,2,"('356', '532')"
1011,1/23/2015 7:43,1/23/2015 8:00,356,Bialystoker Pl & Delancey St,40.71622644,-73.98261206,532,S 5 Pl & S 4 St,40.710451,-73.960876,16125,Subscriber,1969.0,2,"('356', '532')"
1561,1/14/2015 18:09,1/14/2015 18:35,360,William St & Pine St,40.70717936,-74.00887308,532,S 5 Pl & S 4 St,40.710451,-73.960876,19577,Subscriber,1971.0,1,"('360', '532')"
1449,1/21/2015 18:19,1/21/2015 18:43,360,William St & Pine St,40.70717936,-74.00887308,532,S 5 Pl & S 4 St,40.710451,-73.960876,21575,Subscriber,1971.0,1,"('360', '532')"
1330,1/29/2015 13:38,1/29/2015 14:00,373,Willoughby Ave & Walworth St,40.69331716,-73.95381995,410,Suffolk St & Stanton St,40.72066442,-73.98517977,21212,Subscriber,1976.0,1,"('373', '410')"
1273,1/23/2015 15:28,1/23/2015 15:49,389,Broadway & Berry St,40.71044554,-73.96525063,268,Howard St & Centre St,40.71910537,-73.99973337,17881,Subscriber,1986.0,1,"('389', '268')"
1692,1/21/2015 15:11,1/21/2015 15:40,389,Broadway & Berry St,40.71044554,-73.96525063,311,Norfolk St & Broome St,40.7172274,-73.98802084,16757,Subscriber,1990.0,1,"('389', '311')"
647,1/23/2015 14:14,1/23/2015 14:25,389,Broadway & Berry St,40.71044554,-73.96525063,311,Norfolk St & Broome St,40.7172274,-73.98802084,15927,Subscriber,1981.0,1,"('389', '311')"
970,1/4/2015 14:01,1/4/2015 14:18,401,Allen St & Rivington St,40.72019576,-73.98997825,2002,Wythe Ave & Metropolitan Ave,40.716887,-73.963198,17364,Subscriber,1985.0,1,"('401', '2002')"
947,1/23/2015 18:58,1/23/2015 19:14,401,Allen St & Rivington St,40.72019576,-73.98997825,2002,Wythe Ave & Metropolitan Ave,40.716887,-73.963198,15359,Subscriber,1984.0,1,"('401', '2002')"
1515,1/2/2015 16:26,1/2/2015 16:51,401,Allen St & Rivington St,40.72019576,-73.98997825,532,S 5 Pl & S 4 St,40.710451,-73.960876,21569,Subscriber,1975.0,1,"('401', '532')"
1437,1/2/2015 16:27,1/2/2015 16:51,401,Allen St & Rivington St,40.72019576,-73.98997825,532,S 5 Pl & S 4 St,40.710451,-73.960876,16386,Customer,,0,"('401', '532')"
737,1/4/2015 18:36,1/4/2015 18:49,401,Allen St & Rivington St,40.72019576,-73.98997825,532,S 5 Pl & S 4 St,40.710451,-73.960876,15904,Subscriber,1966.0,1,"('401', '532')"
730,1/6/2015 19:47,1/6/2015 19:59,401,Allen St & Rivington St,40.72019576,-73.98997825,532,S 5 Pl & S 4 St,40.710451,-73.960876,20969,Subscriber,1983.0,1,"('401', '532')"
702,1/9/2015 19:09,1/9/2015 19:21,401,Allen St & Rivington St,40.72019576,-73.98997825,532,S 5 Pl & S 4 St,40.710451,-73.960876,19493,Subscriber,1987.0,1,"('401', '532')"
1007,1/12/2015 23:45,1/13/2015 0:02,401,Allen St & Rivington St,40.72019576,-73.98997825,532,S 5 Pl & S 4 St,40.710451,-73.960876,18417,Subscriber,1981.0,1,"('401', '532')"
748,1/15/2015 12:58,1/15/2015 13:11,401,Allen St & Rivington St,40.72019576,-73.98997825,532,S 5 Pl & S 4 St,40.710451,-73.960876,15631,Subscriber,1985.0,1,"('401', '532')"
1463,1/24/2015 18:37,1/24/2015 19:01,401,Allen St & Rivington St,40.72019576,-73.98997825,532,S 5 Pl & S 4 St,40.710451,-73.960876,19761,Subscriber,1978.0,1,"('401', '532')"
766,1/16/2015 8:42,1/16/2015 8:55,403,E 2 St & 2 Ave,40.72502876,-73.99069656,532,S 5 Pl & S 4 St,40.710451,-73.960876,16930,Subscriber,1991.0,1,"('403', '532')"
666,1/19/2015 8:48,1/19/2015 9:00,403,E 2 St & 2 Ave,40.72502876,-73.99069656,532,S 5 Pl & S 4 St,40.710451,-73.960876,16335,Subscriber,1991.0,1,"('403', '532')"
763,1/20/2015 8:44,1/20/2015 8:57,403,E 2 St & 2 Ave,40.72502876,-73.99069656,532,S 5 Pl & S 4 St,40.710451,-73.960876,20172,Subscriber,1991.0,1,"('403', '532')"
878,1/25/2015 3:23,1/25/2015 3:38,403,E 2 St & 2 Ave,40.72502876,-73.99069656,532,S 5 Pl & S 4 St,40.710451,-73.960876,16920,Subscriber,1989.0,1,"('403', '532')"
824,1/11/2015 17:23,1/11/2015 17:36,410,Suffolk St & Stanton St,40.72066442,-73.98517977,2002,Wythe Ave & Metropolitan Ave,40.716887,-73.963198,20220,Customer,,0,"('410', '2002')"
1449,1/15/2015 19:27,1/15/2015 19:51,410,Suffolk St & Stanton St,40.72066442,-73.98517977,2002,Wythe Ave & Metropolitan Ave,40.716887,-73.963198,16015,Subscriber,1981.0,1,"('410', '2002')"
1111,1/19/2015 14:43,1/19/2015 15:02,410,Suffolk St & Stanton St,40.72066442,-73.98517977,2002,Wythe Ave & Metropolitan Ave,40.716887,-73.963198,17123,Subscriber,1982.0,2,"('410', '2002')"
1199,1/19/2015 17:07,1/19/2015 17:27,410,Suffolk St & Stanton St,40.72066442,-73.98517977,2002,Wythe Ave & Metropolitan Ave,40.716887,-73.963198,14820,Subscriber,1983.0,1,"('410', '2002')"
1363,1/25/2015 11:07,1/25/2015 11:29,410,Suffolk St & Stanton St,40.72066442,-73.98517977,2002,Wythe Ave & Metropolitan Ave,40.716887,-73.963198,20723,Subscriber,1986.0,1,"('410', '2002')"
1302,1/25/2015 11:08,1/25/2015 11:30,410,Suffolk St & Stanton St,40.72066442,-73.98517977,2002,Wythe Ave & Metropolitan Ave,40.716887,-73.963198,16624,Customer,,0,"('410', '2002')"
1115,1/2/2015 11:59,1/2/2015 12:17,410,Suffolk St & Stanton St,40.72066442,-73.98517977,532,S 5 Pl & S 4 St,40.710451,-73.960876,14973,Subscriber,1981.0,1,"('410', '532')"
1109,1/2/2015 11:59,1/2/2015 12:17,410,Suffolk St & Stanton St,40.72066442,-73.98517977,532,S 5 Pl & S 4 St,40.710451,-73.960876,18813,Subscriber,1986.0,2,"('410', '532')"
591,1/2/2015 23:52,1/3/2015 0:01,410,Suffolk St & Stanton St,40.72066442,-73.98517977,532,S 5 Pl & S 4 St,40.710451,-73.960876,17998,Subscriber,1985.0,1,"('410', '532')"
1206,1/10/2015 14:54,1/10/2015 15:15,410,Suffolk St & Stanton St,40.72066442,-73.98517977,532,S 5 Pl & S 4 St,40.710451,-73.960876,19997,Subscriber,1952.0,1,"('410', '532')"
668,1/15/2015 14:02,1/15/2015 14:13,410,Suffolk St & Stanton St,40.72066442,-73.98517977,532,S 5 Pl & S 4 St,40.710451,-73.960876,19286,Subscriber,1975.0,1,"('410', '532')"
723,1/15/2015 17:18,1/15/2015 17:30,410,Suffolk St & Stanton St,40.72066442,-73.98517977,532,S 5 Pl & S 4 St,40.710451,-73.960876,17168,Subscriber,1987.0,2,"('410', '532')"
594,1/16/2015 18:50,1/16/2015 19:00,410,Suffolk St & Stanton St,40.72066442,-73.98517977,532,S 5 Pl & S 4 St,40.710451,-73.960876,16213,Subscriber,1983.0,1,"('410', '532')"
718,1/18/2015 12:45,1/18/2015 12:57,410,Suffolk St & Stanton St,40.72066442,-73.98517977,532,S 5 Pl & S 4 St,40.710451,-73.960876,15656,Subscriber,1978.0,1,"('410', '532')"
631,1/19/2015 12:43,1/19/2015 12:53,410,Suffolk St & Stanton St,40.72066442,-73.98517977,532,S 5 Pl & S 4 St,40.710451,-73.960876,19244,Subscriber,1985.0,1,"('410', '532')"
674,1/19/2015 14:32,1/19/2015 14:43,410,Suffolk St & Stanton St,40.72066442,-73.98517977,532,S 5 Pl & S 4 St,40.710451,-73.960876,18213,Subscriber,1985.0,1,"('410', '532')"
686,1/20/2015 0:07,1/20/2015 0:18,410,Suffolk St & Stanton St,40.72066442,-73.98517977,532,S 5 Pl & S 4 St,40.710451,-73.960876,19028,Subscriber,1981.0,1,"('410', '532')"
646,1/23/2015 18:09,1/23/2015 18:20,410,Suffolk St & Stanton St,40.72066442,-73.98517977,532,S 5 Pl & S 4 St,40.710451,-73.960876,16486,Subscriber,1981.0,1,"('410', '532')"
1185,1/25/2015 16:42,1/25/2015 17:01,432,E 7 St & Avenue A,40.72621788,-73.98379855,532,S 5 Pl & S 4 St,40.710451,-73.960876,16302,Subscriber,1987.0,1,"('432', '532')"
1174,1/25/2015 16:42,1/25/2015 17:01,432,E 7 St & Avenue A,40.72621788,-73.98379855,532,S 5 Pl & S 4 St,40.710451,-73.960876,21313,Subscriber,1985.0,1,"('432', '532')"
1408,1/26/2015 18:30,1/26/2015 18:53,432,E 7 St & Avenue A,40.72621788,-73.98379855,532,S 5 Pl & S 4 St,40.710451,-73.960876,18966,Subscriber,1984.0,1,"('432', '532')"
1056,1/12/2015 19:32,1/12/2015 19:49,460,S 4 St & Wythe Ave,40.71285887,-73.96590294,410,Suffolk St & Stanton St,40.72066442,-73.98517977,17979,Subscriber,1983.0,1,"('460', '410')"
956,1/17/2015 15:00,1/17/2015 15:16,460,S 4 St & Wythe Ave,40.71285887,-73.96590294,410,Suffolk St & Stanton St,40.72066442,-73.98517977,17100,Subscriber,1979.0,1,"('460', '410')"
1028,1/25/2015 17:02,1/25/2015 17:19,473,Rivington St & Chrystie St,40.72110063,-73.9919254,532,S 5 Pl & S 4 St,40.710451,-73.960876,18753,Subscriber,1985.0,2,"('473', '532')"
856,1/28/2015 13:00,1/28/2015 13:14,473,Rivington St & Chrystie St,40.72110063,-73.9919254,532,S 5 Pl & S 4 St,40.710451,-73.960876,15207,Subscriber,1979.0,1,"('473', '532')"
1415,1/2/2015 7:15,1/2/2015 7:39,481,S 3 St & Bedford Ave,40.71260486,-73.96264403,327,Vesey Pl & River Terrace,40.7153379,-74.01658354,15448,Subscriber,1986.0,1,"('481', '327')"
1602,1/6/2015 7:52,1/6/2015 8:19,481,S 3 St & Bedford Ave,40.71260486,-73.96264403,327,Vesey Pl & River Terrace,40.7153379,-74.01658354,20621,Subscriber,1986.0,1,"('481', '327')"
1918,1/7/2015 8:37,1/7/2015 9:09,481,S 3 St & Bedford Ave,40.71260486,-73.96264403,327,Vesey Pl & River Terrace,40.7153379,-74.01658354,18742,Subscriber,1986.0,1,"('481', '327')"
1435,1/15/2015 7:51,1/15/2015 8:15,481,S 3 St & Bedford Ave,40.71260486,-73.96264403,327,Vesey Pl & River Terrace,40.7153379,-74.01658354,19878,Subscriber,1986.0,1,"('481', '327')"
1623,1/16/2015 7:47,1/16/2015 8:14,481,S 3 St & Bedford Ave,40.71260486,-73.96264403,327,Vesey Pl & River Terrace,40.7153379,-74.01658354,19308,Subscriber,1986.0,1,"('481', '327')"
2032,1/11/2015 14:25,1/11/2015 14:59,481,S 3 St & Bedford Ave,40.71260486,-73.96264403,349,Rivington St & Ridge St,40.71850211,-73.98329859,16378,Customer,,0,"('481', '349')"
1202,1/31/2015 14:30,1/31/2015 14:50,531,Forsyth St & Broome St,40.71893904,-73.99266288,2002,Wythe Ave & Metropolitan Ave,40.716887,-73.963198,17332,Subscriber,1991.0,1,"('531', '2002')"
1096,1/4/2015 16:06,1/4/2015 16:25,532,S 5 Pl & S 4 St,40.710451,-73.960876,236,St Marks Pl & 2 Ave,40.7284186,-73.98713956,16134,Subscriber,1977.0,1,"('532', '236')"
838,1/13/2015 19:33,1/13/2015 19:47,532,S 5 Pl & S 4 St,40.710451,-73.960876,236,St Marks Pl & 2 Ave,40.7284186,-73.98713956,20601,Subscriber,1978.0,1,"('532', '236')"
1258,1/20/2015 15:59,1/20/2015 16:20,532,S 5 Pl & S 4 St,40.710451,-73.960876,236,St Marks Pl & 2 Ave,40.7284186,-73.98713956,20172,Subscriber,1992.0,1,"('532', '236')"
849,1/21/2015 17:49,1/21/2015 18:03,532,S 5 Pl & S 4 St,40.710451,-73.960876,236,St Marks Pl & 2 Ave,40.7284186,-73.98713956,20364,Subscriber,1988.0,1,"('532', '236')"
914,1/4/2015 14:43,1/4/2015 14:58,532,S 5 Pl & S 4 St,40.710451,-73.960876,251,Mott St & Prince St,40.72317958,-73.99480012,18173,Customer,,0,"('532', '251')"
977,1/6/2015 10:02,1/6/2015 10:18,532,S 5 Pl & S 4 St,40.710451,-73.960876,251,Mott St & Prince St,40.72317958,-73.99480012,15907,Subscriber,1983.0,1,"('532', '251')"
938,1/6/2015 10:40,1/6/2015 10:56,532,S 5 Pl & S 4 St,40.710451,-73.960876,251,Mott St & Prince St,40.72317958,-73.99480012,16427,Subscriber,1984.0,1,"('532', '251')"
1220,1/7/2015 8:13,1/7/2015 8:34,532,S 5 Pl & S 4 St,40.710451,-73.960876,251,Mott St & Prince St,40.72317958,-73.99480012,16427,Subscriber,1977.0,1,"('532', '251')"
1085,1/7/2015 13:05,1/7/2015 13:24,532,S 5 Pl & S 4 St,40.710451,-73.960876,251,Mott St & Prince St,40.72317958,-73.99480012,19209,Subscriber,1980.0,1,"('532', '251')"
1151,1/8/2015 10:05,1/8/2015 10:24,532,S 5 Pl & S 4 St,40.710451,-73.960876,251,Mott St & Prince St,40.72317958,-73.99480012,20969,Subscriber,1977.0,1,"('532', '251')"
1234,1/9/2015 9:25,1/9/2015 9:45,532,S 5 Pl & S 4 St,40.710451,-73.960876,251,Mott St & Prince St,40.72317958,-73.99480012,17963,Subscriber,1977.0,1,"('532', '251')"
1120,1/12/2015 9:43,1/12/2015 10:02,532,S 5 Pl & S 4 St,40.710451,-73.960876,251,Mott St & Prince St,40.72317958,-73.99480012,18890,Subscriber,1977.0,1,"('532', '251')"
842,1/13/2015 8:05,1/13/2015 8:19,532,S 5 Pl & S 4 St,40.710451,-73.960876,251,Mott St & Prince St,40.72317958,-73.99480012,18417,Subscriber,1986.0,2,"('532', '251')"
854,1/13/2015 17:44,1/13/2015 17:58,532,S 5 Pl & S 4 St,40.710451,-73.960876,251,Mott St & Prince St,40.72317958,-73.99480012,19664,Subscriber,1982.0,1,"('532', '251')"
841,1/15/2015 9:20,1/15/2015 9:34,532,S 5 Pl & S 4 St,40.710451,-73.960876,251,Mott St & Prince St,40.72317958,-73.99480012,17086,Subscriber,1983.0,1,"('532', '251')"
940,1/16/2015 9:31,1/16/2015 9:47,532,S 5 Pl & S 4 St,40.710451,-73.960876,251,Mott St & Prince St,40.72317958,-73.99480012,14856,Subscriber,1977.0,1,"('532', '251')"
852,1/16/2015 9:58,1/16/2015 10:12,532,S 5 Pl & S 4 St,40.710451,-73.960876,251,Mott St & Prince St,40.72317958,-73.99480012,17148,Subscriber,1984.0,1,"('532', '251')"
877,1/19/2015 11:53,1/19/2015 12:08,532,S 5 Pl & S 4 St,40.710451,-73.960876,251,Mott St & Prince St,40.72317958,-73.99480012,16335,Subscriber,1984.0,1,"('532', '251')"
830,1/19/2015 12:07,1/19/2015 12:21,532,S 5 Pl & S 4 St,40.710451,-73.960876,251,Mott St & Prince St,40.72317958,-73.99480012,15656,Subscriber,1982.0,1,"('532', '251')"
831,1/20/2015 17:01,1/20/2015 17:15,532,S 5 Pl & S 4 St,40.710451,-73.960876,251,Mott St & Prince St,40.72317958,-73.99480012,17203,Subscriber,1984.0,1,"('532', '251')"
897,1/22/2015 8:02,1/22/2015 8:17,532,S 5 Pl & S 4 St,40.710451,-73.960876,251,Mott St & Prince St,40.72317958,-73.99480012,17200,Subscriber,1986.0,2,"('532', '251')"
1133,1/22/2015 9:06,1/22/2015 9:25,532,S 5 Pl & S 4 St,40.710451,-73.960876,251,Mott St & Prince St,40.72317958,-73.99480012,16427,Subscriber,1977.0,1,"('532', '251')"
886,1/24/2015 10:23,1/24/2015 10:38,532,S 5 Pl & S 4 St,40.710451,-73.960876,251,Mott St & Prince St,40.72317958,-73.99480012,18249,Subscriber,1984.0,1,"('532', '251')"
967,1/25/2015 16:37,1/25/2015 16:53,532,S 5 Pl & S 4 St,40.710451,-73.960876,251,Mott St & Prince St,40.72317958,-73.99480012,19163,Subscriber,1982.0,1,"('532', '251')"
1177,1/26/2015 6:07,1/26/2015 6:27,532,S 5 Pl & S 4 St,40.710451,-73.960876,251,Mott St & Prince St,40.72317958,-73.99480012,15403,Subscriber,1977.0,1,"('532', '251')"
1248,1/28/2015 9:04,1/28/2015 9:24,532,S 5 Pl & S 4 St,40.710451,-73.960876,251,Mott St & Prince St,40.72317958,-73.99480012,20268,Subscriber,1977.0,1,"('532', '251')"
1005,1/29/2015 9:19,1/29/2015 9:35,532,S 5 Pl & S 4 St,40.710451,-73.960876,251,Mott St & Prince St,40.72317958,-73.99480012,15695,Subscriber,1977.0,1,"('532', '251')"
862,1/29/2015 17:16,1/29/2015 17:30,532,S 5 Pl & S 4 St,40.710451,-73.960876,251,Mott St & Prince St,40.72317958,-73.99480012,19566,Subscriber,1965.0,1,"('532', '251')"
814,1/30/2015 9:10,1/30/2015 9:24,532,S 5 Pl & S 4 St,40.710451,-73.960876,251,Mott St & Prince St,40.72317958,-73.99480012,15905,Subscriber,1983.0,1,"('532', '251')"
877,1/7/2015 9:53,1/7/2015 10:07,532,S 5 Pl & S 4 St,40.710451,-73.960876,265,Stanton St & Chrystie St,40.72229346,-73.99147535,16930,Subscriber,1983.0,1,"('532', '265')"
814,1/8/2015 9:44,1/8/2015 9:58,532,S 5 Pl & S 4 St,40.710451,-73.960876,265,Stanton St & Chrystie St,40.72229346,-73.99147535,21496,Subscriber,1983.0,1,"('532', '265')"
721,1/12/2015 10:08,1/12/2015 10:20,532,S 5 Pl & S 4 St,40.710451,-73.960876,265,Stanton St & Chrystie St,40.72229346,-73.99147535,15003,Subscriber,1983.0,1,"('532', '265')"
745,1/29/2015 9:53,1/29/2015 10:05,532,S 5 Pl & S 4 St,40.710451,-73.960876,265,Stanton St & Chrystie St,40.72229346,-73.99147535,14798,Subscriber,1983.0,1,"('532', '265')"
5456,1/2/2015 15:24,1/2/2015 16:55,532,S 5 Pl & S 4 St,40.710451,-73.960876,268,Howard St & Centre St,40.71910537,-73.99973337,20049,Customer,,0,"('532', '268')"
5450,1/2/2015 15:24,1/2/2015 16:55,532,S 5 Pl & S 4 St,40.710451,-73.960876,268,Howard St & Centre St,40.71910537,-73.99973337,16846,Customer,,0,"('532', '268')"
696,1/5/2015 8:24,1/5/2015 8:35,532,S 5 Pl & S 4 St,40.710451,-73.960876,311,Norfolk St & Broome St,40.7172274,-73.98802084,17007,Subscriber,1979.0,1,"('532', '311')"
723,1/8/2015 8:41,1/8/2015 8:53,532,S 5 Pl & S 4 St,40.710451,-73.960876,311,Norfolk St & Broome St,40.7172274,-73.98802084,20657,Subscriber,1979.0,1,"('532', '311')"
892,1/11/2015 11:08,1/11/2015 11:23,532,S 5 Pl & S 4 St,40.710451,-73.960876,311,Norfolk St & Broome St,40.7172274,-73.98802084,15143,Subscriber,1968.0,1,"('532', '311')"
788,1/11/2015 18:11,1/11/2015 18:24,532,S 5 Pl & S 4 St,40.710451,-73.960876,311,Norfolk St & Broome St,40.7172274,-73.98802084,16696,Subscriber,1986.0,1,"('532', '311')"
729,1/13/2015 8:35,1/13/2015 8:47,532,S 5 Pl & S 4 St,40.710451,-73.960876,311,Norfolk St & Broome St,40.7172274,-73.98802084,15134,Subscriber,1979.0,1,"('532', '311')"
803,1/15/2015 8:37,1/15/2015 8:51,532,S 5 Pl & S 4 St,40.710451,-73.960876,311,Norfolk St & Broome St,40.7172274,-73.98802084,19669,Subscriber,1979.0,1,"('532', '311')"
1764,1/17/2015 2:23,1/17/2015 2:53,532,S 5 Pl & S 4 St,40.710451,-73.960876,311,Norfolk St & Broome St,40.7172274,-73.98802084,16213,Subscriber,1964.0,1,"('532', '311')"
1998,1/19/2015 12:58,1/19/2015 13:31,532,S 5 Pl & S 4 St,40.710451,-73.960876,311,Norfolk St & Broome St,40.7172274,-73.98802084,19244,Customer,,0,"('532', '311')"
1402,1/19/2015 13:07,1/19/2015 13:31,532,S 5 Pl & S 4 St,40.710451,-73.960876,311,Norfolk St & Broome St,40.7172274,-73.98802084,21061,Customer,,0,"('532', '311')"
843,1/19/2015 15:23,1/19/2015 15:37,532,S 5 Pl & S 4 St,40.710451,-73.960876,311,Norfolk St & Broome St,40.7172274,-73.98802084,16259,Customer,,0,"('532', '311')"
603,1/21/2015 10:03,1/21/2015 10:13,532,S 5 Pl & S 4 St,40.710451,-73.960876,311,Norfolk St & Broome St,40.7172274,-73.98802084,16450,Subscriber,1979.0,1,"('532', '311')"
751,1/22/2015 8:42,1/22/2015 8:55,532,S 5 Pl & S 4 St,40.710451,-73.960876,311,Norfolk St & Broome St,40.7172274,-73.98802084,21575,Subscriber,1979.0,1,"('532', '311')"
954,1/22/2015 17:05,1/22/2015 17:21,532,S 5 Pl & S 4 St,40.710451,-73.960876,311,Norfolk St & Broome St,40.7172274,-73.98802084,21509,Subscriber,1989.0,1,"('532', '311')"
813,1/23/2015 8:32,1/23/2015 8:45,532,S 5 Pl & S 4 St,40.710451,-73.960876,311,Norfolk St & Broome St,40.7172274,-73.98802084,19098,Subscriber,1979.0,1,"('532', '311')"
593,1/23/2015 15:29,1/23/2015 15:39,532,S 5 Pl & S 4 St,40.710451,-73.960876,311,Norfolk St & Broome St,40.7172274,-73.98802084,17280,Subscriber,1976.0,1,"('532', '311')"
589,1/26/2015 9:10,1/26/2015 9:20,532,S 5 Pl & S 4 St,40.710451,-73.960876,311,Norfolk St & Broome St,40.7172274,-73.98802084,21061,Subscriber,1983.0,1,"('532', '311')"
1143,1/28/2015 8:47,1/28/2015 9:06,532,S 5 Pl & S 4 St,40.710451,-73.960876,311,Norfolk St & Broome St,40.7172274,-73.98802084,18962,Subscriber,1981.0,1,"('532', '311')"
1840,1/28/2015 16:45,1/28/2015 17:15,532,S 5 Pl & S 4 St,40.710451,-73.960876,311,Norfolk St & Broome St,40.7172274,-73.98802084,21624,Subscriber,1977.0,1,"('532', '311')"
939,1/13/2015 15:01,1/13/2015 15:17,532,S 5 Pl & S 4 St,40.710451,-73.960876,312,Allen St & E Houston St,40.722055,-73.989111,17431,Subscriber,1978.0,1,"('532', '312')"
875,1/15/2015 12:52,1/15/2015 13:07,532,S 5 Pl & S 4 St,40.710451,-73.960876,312,Allen St & E Houston St,40.722055,-73.989111,21562,Subscriber,1985.0,1,"('532', '312')"
629,1/2/2015 9:52,1/2/2015 10:03,532,S 5 Pl & S 4 St,40.710451,-73.960876,350,Clinton St & Grand St,40.71559509,-73.9870295,19613,Subscriber,1979.0,1,"('532', '350')"
2500,1/2/2015 14:53,1/2/2015 15:34,532,S 5 Pl & S 4 St,40.710451,-73.960876,350,Clinton St & Grand St,40.71559509,-73.9870295,21410,Subscriber,1983.0,1,"('532', '350')"
1940,1/2/2015 15:20,1/2/2015 15:52,532,S 5 Pl & S 4 St,40.710451,-73.960876,350,Clinton St & Grand St,40.71559509,-73.9870295,19828,Customer,,0,"('532', '350')"
795,1/2/2015 15:39,1/2/2015 15:52,532,S 5 Pl & S 4 St,40.710451,-73.960876,350,Clinton St & Grand St,40.71559509,-73.9870295,16346,Customer,,0,"('532', '350')"
1523,1/3/2015 11:06,1/3/2015 11:31,532,S 5 Pl & S 4 St,40.710451,-73.960876,350,Clinton St & Grand St,40.71559509,-73.9870295,19756,Customer,,0,"('532', '350')"
673,1/5/2015 13:43,1/5/2015 13:54,532,S 5 Pl & S 4 St,40.710451,-73.960876,350,Clinton St & Grand St,40.71559509,-73.9870295,19798,Subscriber,1979.0,1,"('532', '350')"
756,1/12/2015 4:58,1/12/2015 5:10,532,S 5 Pl & S 4 St,40.710451,-73.960876,350,Clinton St & Grand St,40.71559509,-73.9870295,16696,Subscriber,1983.0,1,"('532', '350')"
767,1/17/2015 13:38,1/17/2015 13:51,532,S 5 Pl & S 4 St,40.710451,-73.960876,350,Clinton St & Grand St,40.71559509,-73.9870295,14736,Subscriber,1980.0,2,"('532', '350')"
765,1/17/2015 13:38,1/17/2015 13:51,532,S 5 Pl & S 4 St,40.710451,-73.960876,350,Clinton St & Grand St,40.71559509,-73.9870295,18229,Subscriber,1977.0,1,"('532', '350')"
823,1/20/2015 20:45,1/20/2015 20:59,532,S 5 Pl & S 4 St,40.710451,-73.960876,350,Clinton St & Grand St,40.71559509,-73.9870295,16585,Customer,,0,"('532', '350')"
777,1/20/2015 20:45,1/20/2015 20:58,532,S 5 Pl & S 4 St,40.710451,-73.960876,350,Clinton St & Grand St,40.71559509,-73.9870295,19888,Customer,,0,"('532', '350')"
591,1/22/2015 12:11,1/22/2015 12:21,532,S 5 Pl & S 4 St,40.710451,-73.960876,350,Clinton St & Grand St,40.71559509,-73.9870295,18891,Subscriber,1980.0,1,"('532', '350')"
1427,1/27/2015 22:18,1/27/2015 22:42,532,S 5 Pl & S 4 St,40.710451,-73.960876,350,Clinton St & Grand St,40.71559509,-73.9870295,20994,Subscriber,1983.0,1,"('532', '350')"
560,1/7/2015 3:05,1/7/2015 3:15,532,S 5 Pl & S 4 St,40.710451,-73.960876,356,Bialystoker Pl & Delancey St,40.71622644,-73.98261206,16061,Subscriber,1981.0,2,"('532', '356')"
889,1/14/2015 18:13,1/14/2015 18:28,532,S 5 Pl & S 4 St,40.710451,-73.960876,356,Bialystoker Pl & Delancey St,40.71622644,-73.98261206,14940,Subscriber,1988.0,2,"('532', '356')"
847,1/16/2015 13:00,1/16/2015 13:14,532,S 5 Pl & S 4 St,40.710451,-73.960876,356,Bialystoker Pl & Delancey St,40.71622644,-73.98261206,15905,Subscriber,1969.0,2,"('532', '356')"
860,1/19/2015 13:49,1/19/2015 14:04,532,S 5 Pl & S 4 St,40.710451,-73.960876,356,Bialystoker Pl & Delancey St,40.71622644,-73.98261206,17484,Subscriber,1988.0,2,"('532', '356')"
934,1/22/2015 17:29,1/22/2015 17:44,532,S 5 Pl & S 4 St,40.710451,-73.960876,356,Bialystoker Pl & Delancey St,40.71622644,-73.98261206,14958,Subscriber,1969.0,2,"('532', '356')"
734,1/25/2015 8:11,1/25/2015 8:24,532,S 5 Pl & S 4 St,40.710451,-73.960876,356,Bialystoker Pl & Delancey St,40.71622644,-73.98261206,16920,Subscriber,1971.0,1,"('532', '356')"
761,1/1/2015 12:21,1/1/2015 12:34,532,S 5 Pl & S 4 St,40.710451,-73.960876,401,Allen St & Rivington St,40.72019576,-73.98997825,18623,Subscriber,1984.0,1,"('532', '401')"
749,1/9/2015 18:53,1/9/2015 19:05,532,S 5 Pl & S 4 St,40.710451,-73.960876,401,Allen St & Rivington St,40.72019576,-73.98997825,20564,Subscriber,1984.0,1,"('532', '401')"
663,1/15/2015 15:33,1/15/2015 15:44,532,S 5 Pl & S 4 St,40.710451,-73.960876,401,Allen St & Rivington St,40.72019576,-73.98997825,19977,Subscriber,1984.0,1,"('532', '401')"
1297,1/24/2015 17:27,1/24/2015 17:49,532,S 5 Pl & S 4 St,40.710451,-73.960876,401,Allen St & Rivington St,40.72019576,-73.98997825,19761,Subscriber,1978.0,1,"('532', '401')"
779,1/15/2015 17:04,1/15/2015 17:17,532,S 5 Pl & S 4 St,40.710451,-73.960876,403,E 2 St & 2 Ave,40.72502876,-73.99069656,16536,Subscriber,1991.0,1,"('532', '403')"
810,1/19/2015 17:16,1/19/2015 17:30,532,S 5 Pl & S 4 St,40.710451,-73.960876,403,E 2 St & 2 Ave,40.72502876,-73.99069656,16806,Subscriber,1991.0,1,"('532', '403')"
728,1/20/2015 17:53,1/20/2015 18:05,532,S 5 Pl & S 4 St,40.710451,-73.960876,403,E 2 St & 2 Ave,40.72502876,-73.99069656,16032,Subscriber,1991.0,1,"('532', '403')"
756,1/2/2015 19:25,1/2/2015 19:38,532,S 5 Pl & S 4 St,40.710451,-73.960876,410,Suffolk St & Stanton St,40.72066442,-73.98517977,16386,Subscriber,1986.0,1,"('532', '410')"
683,1/4/2015 12:46,1/4/2015 12:57,532,S 5 Pl & S 4 St,40.710451,-73.960876,410,Suffolk St & Stanton St,40.72066442,-73.98517977,20290,Subscriber,1978.0,1,"('532', '410')"
649,1/5/2015 12:59,1/5/2015 13:10,532,S 5 Pl & S 4 St,40.710451,-73.960876,410,Suffolk St & Stanton St,40.72066442,-73.98517977,17575,Subscriber,1985.0,1,"('532', '410')"
1113,1/6/2015 17:03,1/6/2015 17:21,532,S 5 Pl & S 4 St,40.710451,-73.960876,410,Suffolk St & Stanton St,40.72066442,-73.98517977,15761,Subscriber,1988.0,1,"('532', '410')"
828,1/8/2015 20:10,1/8/2015 20:24,532,S 5 Pl & S 4 St,40.710451,-73.960876,410,Suffolk St & Stanton St,40.72066442,-73.98517977,14909,Subscriber,1975.0,1,"('532', '410')"
989,1/10/2015 16:18,1/10/2015 16:35,532,S 5 Pl & S 4 St,40.710451,-73.960876,410,Suffolk St & Stanton St,40.72066442,-73.98517977,19997,Subscriber,1952.0,1,"('532', '410')"
1090,1/15/2015 17:48,1/15/2015 18:07,532,S 5 Pl & S 4 St,40.710451,-73.960876,410,Suffolk St & Stanton St,40.72066442,-73.98517977,15802,Subscriber,1969.0,2,"('532', '410')"
1174,1/25/2015 14:19,1/25/2015 14:39,532,S 5 Pl & S 4 St,40.710451,-73.960876,410,Suffolk St & Stanton St,40.72066442,-73.98517977,15482,Customer,,0,"('532', '410')"
751,1/31/2015 16:57,1/31/2015 17:10,532,S 5 Pl & S 4 St,40.710451,-73.960876,410,Suffolk St & Stanton St,40.72066442,-73.98517977,18816,Subscriber,1982.0,2,"('532', '410')"
1199,1/1/2015 2:59,1/1/2015 3:19,532,S 5 Pl & S 4 St,40.710451,-73.960876,432,E 7 St & Avenue A,40.72621788,-73.98379855,19966,Subscriber,1989.0,1,"('532', '432')"
1085,1/1/2015 17:08,1/1/2015 17:26,532,S 5 Pl & S 4 St,40.710451,-73.960876,432,E 7 St & Avenue A,40.72621788,-73.98379855,19389,Subscriber,1989.0,2,"('532', '432')"
1034,1/1/2015 17:08,1/1/2015 17:25,532,S 5 Pl & S 4 St,40.710451,-73.960876,432,E 7 St & Avenue A,40.72621788,-73.98379855,18777,Subscriber,1989.0,1,"('532', '432')"
754,1/25/2015 11:08,1/25/2015 11:21,532,S 5 Pl & S 4 St,40.710451,-73.960876,432,E 7 St & Avenue A,40.72621788,-73.98379855,18249,Subscriber,1989.0,1,"('532', '432')"
937,1/25/2015 14:33,1/25/2015 14:48,532,S 5 Pl & S 4 St,40.710451,-73.960876,445,E 10 St & Avenue A,40.72740794,-73.98142006,17056,Subscriber,1986.0,1,"('532', '445')"
1028,1/31/2015 15:46,1/31/2015 16:03,532,S 5 Pl & S 4 St,40.710451,-73.960876,445,E 10 St & Avenue A,40.72740794,-73.98142006,21366,Subscriber,1990.0,2,"('532', '445')"
1592,1/25/2015 0:58,1/25/2015 1:24,532,S 5 Pl & S 4 St,40.710451,-73.960876,483,E 12 St & 3 Ave,40.73223272,-73.98889957,16809,Subscriber,1972.0,2,"('532', '483')"
1593,1/13/2015 12:48,1/13/2015 13:15,545,E 23 St & 1 Ave,40.736502,-73.97809472,2002,Wythe Ave & Metropolitan Ave,40.716887,-73.963198,15265,Subscriber,1979.0,1,"('545', '2002')"
1602,1/15/2015 13:15,1/15/2015 13:41,545,E 23 St & 1 Ave,40.736502,-73.97809472,2002,Wythe Ave & Metropolitan Ave,40.716887,-73.963198,21475,Subscriber,1979.0,1,"('545', '2002')"
1581,1/16/2015 15:55,1/16/2015 16:21,545,E 23 St & 1 Ave,40.736502,-73.97809472,2002,Wythe Ave & Metropolitan Ave,40.716887,-73.963198,16013,Subscriber,1979.0,1,"('545', '2002')"
1644,1/20/2015 15:17,1/20/2015 15:45,545,E 23 St & 1 Ave,40.736502,-73.97809472,2002,Wythe Ave & Metropolitan Ave,40.716887,-73.963198,16882,Subscriber,1979.0,1,"('545', '2002')"
1535,1/22/2015 14:41,1/22/2015 15:07,545,E 23 St & 1 Ave,40.736502,-73.97809472,2002,Wythe Ave & Metropolitan Ave,40.716887,-73.963198,14775,Subscriber,1979.0,1,"('545', '2002')"
2171,1/26/2015 13:26,1/26/2015 14:02,545,E 23 St & 1 Ave,40.736502,-73.97809472,2002,Wythe Ave & Metropolitan Ave,40.716887,-73.963198,21652,Subscriber,1979.0,1,"('545', '2002')"
1666,1/30/2015 14:26,1/30/2015 14:54,545,E 23 St & 1 Ave,40.736502,-73.97809472,2002,Wythe Ave & Metropolitan Ave,40.716887,-73.963198,17326,Subscriber,1979.0,1,"('545', '2002')"
